h_dim,train_loss,test_loss,train_accuracy,test_accuracy
80,0.4850990381091833,0.5133615210652351,89.375,82.3
