h_dim,train_loss,test_loss,train_accuracy,test_accuracy
80,0.21366051328368485,0.5417398866266012,92.6,84.4
