h_dim,train_loss,test_loss,train_accuracy,test_accuracy
80,0.17184168443496803,0.17184168443496803,82.82166666666667,82.82166666666667
