h_dim,train_loss,test_loss,train_accuracy,test_accuracy
80,0.05968483475479744,0.12619426751592358,94.03166666666667,87.41
