h_dim,train_loss,test_loss,train_accuracy,test_accuracy
200,0.0,1.8878397585320832,100.0,93.82
200,0.9695318154990673,19.148761298246445,60.9,57.02
