h_dim,train_loss,test_loss,train_accuracy,test_accuracy
80,0.31115066399797797,0.5496392156928778,88.3,83.5
