h_dim,train_loss,test_loss,train_accuracy,test_accuracy
80,0.12091884328358209,0.16281847133757962,87.90666666666667,83.67
