h_dim,train_loss,test_loss,train_accuracy,test_accuracy
200,1.375164533033967,0.6876064117547054,70.225,84.32
1100,0.9347448498010635,0.41123852978466424,76.25,88.48
