h_dim,train_loss,test_loss,train_accuracy,test_accuracy
45,1.0158645920455456,0.5182231459766626,66.825,84.9
45,1.013925239443779,0.5380102638155222,66.9,82.8
