h_dim,train_loss,test_loss,train_accuracy,test_accuracy
80,0.06018456823027719,0.11604299363057324,93.98166666666667,88.4
