h_dim,train_loss,test_loss,train_accuracy,test_accuracy
80,0.09901385927505331,0.1416202229299363,90.09833333333333,85.83
