h_dim,train_loss,test_loss,train_accuracy,test_accuracy
5,1.7715418003499508,1.4116247505139394,35.1,51.83
15,0.9744547829031944,0.4448280289389525,71.325,86.56
30,0.8761117504909635,0.39617846642804755,73.1,88.34
45,0.7519163489341736,0.4014323565064912,77.825,88.12
50,0.7384807714261115,0.42213336914587934,77.55,87.06
5,1.8304217606782913,1.4610338062047958,32.15,42.3
45,0.0205339454987552,0.3178575048223138,99.65,91.5
45,0.0103760446945671,0.29938690876588225,100.0,92.2
